sep=,
Kor MEASUREMENT DATA FILE EXPORT

FILE CREATED:,6/15/2026 1:17:44 PM

MEAN VALUE:,,,,761.6,1.81,0
STANDARD DEVIATION:,,,,0.0,0.00,0

SENSOR SERIAL NUMBER:,,,,23H102909,25H100732,25H100732
TIME (h:mm:ss tt),DATE (M/d/yyyy),SITE NAME,FAULT CODE,BAROMETER MMHG,TURBIDITY FNU,TSS MG/L
6:08:21 PM,5/22/2026,CRS1,0,761.6,1.81,0

MEAN VALUE:,,,,761.6,-0.34,0
STANDARD DEVIATION:,,,,0.0,0.00,0

SENSOR SERIAL NUMBER:,,,,23H102909,25H100732,25H100732
TIME (h:mm:ss tt),DATE (M/d/yyyy),SITE NAME,FAULT CODE,BAROMETER MMHG,TURBIDITY FNU,TSS MG/L
6:07:41 PM,5/22/2026,CRS3,0,761.6,-0.34,0

MEAN VALUE:,,,,-0.36,761.7,-0.12,57305.7,54443.8,35389,35.95,54135.7,2.254,2.232,3.281,100.4,6.46,NA,-137.8,27.752
STANDARD DEVIATION:,,,,0.00,0.0,0.00,0.0,0.0,0,0.00,0.0,0.000,0.000,0.000,0.0,0.00,0.00,0.0,0.000

SENSOR SERIAL NUMBER:,,,,23F100933,23H102909,23F100933,23H100986,23H100986,23H100986,23H100986,23H100986,23E104117,23E104117,23E104117,23F100256,23F100256,23G102090,23G102090,23H100986
TIME (h:mm:ss tt),DATE (M/d/yyyy),SITE NAME,FAULT CODE,TAL PE RFU,BAROMETER MMHG,CHLOROPHYLL RFU,COND µS/CM,SPCOND µS/CM,TDS MG/L,SAL PSU,NLF COND µS/CM,DEPTH M,VERTICAL POSITION M,PRESSURE PSI A,ODO % SAT,ODO MG/L,PH,PH MV,TEMP °C
6:04:20 PM,5/22/2026,CRS3,0,-0.36,761.7,-0.12,57305.7,54443.8,35389,35.95,54135.7,2.254,2.232,3.281,100.4,6.46,8.07,-137.8,27.752

MEAN VALUE:,,,,0.07,761.5,-0.13,57223.7,54406.4,35364,35.92,54103.2,0.802,0.853,1.167,102.3,6.59,NA,-139.1,27.711
STANDARD DEVIATION:,,,,0.00,0.0,0.00,0.0,0.0,0,0.00,0.0,0.000,0.000,0.000,0.0,0.00,0.00,0.0,0.000

SENSOR SERIAL NUMBER:,,,,23F100933,23H102909,23F100933,23H100986,23H100986,23H100986,23H100986,23H100986,23E104117,23E104117,23E104117,23F100256,23F100256,23G102090,23G102090,23H100986
TIME (h:mm:ss tt),DATE (M/d/yyyy),SITE NAME,FAULT CODE,TAL PE RFU,BAROMETER MMHG,CHLOROPHYLL RFU,COND µS/CM,SPCOND µS/CM,TDS MG/L,SAL PSU,NLF COND µS/CM,DEPTH M,VERTICAL POSITION M,PRESSURE PSI A,ODO % SAT,ODO MG/L,PH,PH MV,TEMP °C
6:04:00 PM,5/22/2026,CRS1,0,0.07,761.5,-0.13,57223.7,54406.4,35364,35.92,54103.2,0.802,0.853,1.167,102.3,6.59,8.09,-139.1,27.711

MEAN VALUE:,,,,-0.33,761.6,-0.14,57348.5,54457.9,35398,35.96,54146.5,2.793,2.743,4.064,99.0,6.37,NA,-138.9,27.779
STANDARD DEVIATION:,,,,0.00,0.0,0.00,0.0,0.0,0,0.00,0.0,0.000,0.000,0.000,0.0,0.00,0.00,0.0,0.000

SENSOR SERIAL NUMBER:,,,,23F100933,23H102909,23F100933,23H100986,23H100986,23H100986,23H100986,23H100986,23E104117,23E104117,23E104117,23F100256,23F100256,23G102090,23G102090,23H100986
TIME (h:mm:ss tt),DATE (M/d/yyyy),SITE NAME,FAULT CODE,TAL PE RFU,BAROMETER MMHG,CHLOROPHYLL RFU,COND µS/CM,SPCOND µS/CM,TDS MG/L,SAL PSU,NLF COND µS/CM,DEPTH M,VERTICAL POSITION M,PRESSURE PSI A,ODO % SAT,ODO MG/L,PH,PH MV,TEMP °C
5:53:05 PM,5/22/2026,CRN3,0,-0.33,761.6,-0.14,57348.5,54457.9,35398,35.96,54146.5,2.793,2.743,4.064,99.0,6.37,8.09,-138.9,27.779

MEAN VALUE:,,,,-0.36,761.7,-0.13,57347.1,54459.5,35399,35.96,54148.4,0.907,1.000,1.320,101.2,6.51,NA,-137.3,27.776
STANDARD DEVIATION:,,,,0.00,0.0,0.00,0.0,0.0,0,0.00,0.0,0.000,0.000,0.000,0.0,0.00,0.00,0.0,0.000

SENSOR SERIAL NUMBER:,,,,23F100933,23H102909,23F100933,23H100986,23H100986,23H100986,23H100986,23H100986,23E104117,23E104117,23E104117,23F100256,23F100256,23G102090,23G102090,23H100986
TIME (h:mm:ss tt),DATE (M/d/yyyy),SITE NAME,FAULT CODE,TAL PE RFU,BAROMETER MMHG,CHLOROPHYLL RFU,COND µS/CM,SPCOND µS/CM,TDS MG/L,SAL PSU,NLF COND µS/CM,DEPTH M,VERTICAL POSITION M,PRESSURE PSI A,ODO % SAT,ODO MG/L,PH,PH MV,TEMP °C
5:52:39 PM,5/22/2026,CRN1,0,-0.36,761.7,-0.13,57347.1,54459.5,35399,35.96,54148.4,0.907,1.000,1.320,101.2,6.51,8.06,-137.3,27.776

MEAN VALUE:,,,,761.7,-0.25,0
STANDARD DEVIATION:,,,,0.0,0.00,0

SENSOR SERIAL NUMBER:,,,,23H102909,25H100732,25H100732
TIME (h:mm:ss tt),DATE (M/d/yyyy),SITE NAME,FAULT CODE,BAROMETER MMHG,TURBIDITY FNU,TSS MG/L
5:51:02 PM,5/22/2026,CRN3,0,761.7,-0.25,0

MEAN VALUE:,,,,761.6,-0.31,0
STANDARD DEVIATION:,,,,0.0,0.00,0

SENSOR SERIAL NUMBER:,,,,23H102909,25H100732,25H100732
TIME (h:mm:ss tt),DATE (M/d/yyyy),SITE NAME,FAULT CODE,BAROMETER MMHG,TURBIDITY FNU,TSS MG/L
5:50:15 PM,5/22/2026,CRN1,0,761.6,-0.31,0

MEAN VALUE:,,,,-0.36,762.1,-0.14,57957.4,54660.1,35529,36.10,54303.0,2.760,2.765,4.016,111.7,7.13,NA,-138.4,28.158
STANDARD DEVIATION:,,,,0.00,0.0,0.00,0.0,0.0,0,0.00,0.0,0.000,0.000,0.000,0.0,0.00,0.00,0.0,0.000

SENSOR SERIAL NUMBER:,,,,23F100933,23H102909,23F100933,23H100986,23H100986,23H100986,23H100986,23H100986,23E104117,23E104117,23E104117,23F100256,23F100256,23G102090,23G102090,23H100986
TIME (h:mm:ss tt),DATE (M/d/yyyy),SITE NAME,FAULT CODE,TAL PE RFU,BAROMETER MMHG,CHLOROPHYLL RFU,COND µS/CM,SPCOND µS/CM,TDS MG/L,SAL PSU,NLF COND µS/CM,DEPTH M,VERTICAL POSITION M,PRESSURE PSI A,ODO % SAT,ODO MG/L,PH,PH MV,TEMP °C
2:20:46 PM,5/22/2026,LDB3,0,-0.36,762.1,-0.14,57957.4,54660.1,35529,36.10,54303.0,2.760,2.765,4.016,111.7,7.13,8.08,-138.4,28.158

MEAN VALUE:,,,,1.06,762.1,-0.18,58094.1,54633.6,35512,36.07,54257.9,0.853,0.838,1.241,111.6,7.11,NA,-139.7,28.317
STANDARD DEVIATION:,,,,0.00,0.0,0.00,0.0,0.0,0,0.00,0.0,0.000,0.000,0.000,0.0,0.00,0.00,0.0,0.000

SENSOR SERIAL NUMBER:,,,,23F100933,23H102909,23F100933,23H100986,23H100986,23H100986,23H100986,23H100986,23E104117,23E104117,23E104117,23F100256,23F100256,23G102090,23G102090,23H100986
TIME (h:mm:ss tt),DATE (M/d/yyyy),SITE NAME,FAULT CODE,TAL PE RFU,BAROMETER MMHG,CHLOROPHYLL RFU,COND µS/CM,SPCOND µS/CM,TDS MG/L,SAL PSU,NLF COND µS/CM,DEPTH M,VERTICAL POSITION M,PRESSURE PSI A,ODO % SAT,ODO MG/L,PH,PH MV,TEMP °C
2:20:34 PM,5/22/2026,LDB1,0,1.06,762.1,-0.18,58094.1,54633.6,35512,36.07,54257.9,0.853,0.838,1.241,111.6,7.11,8.10,-139.7,28.317

MEAN VALUE:,,,,-0.32,762.0,-0.18,57841.3,54667.6,35534,36.11,54324.5,2.688,2.651,3.912,99.5,6.37,NA,-132.9,28.039
STANDARD DEVIATION:,,,,0.00,0.0,0.00,0.0,0.0,0,0.00,0.0,0.000,0.000,0.000,0.0,0.00,0.00,0.0,0.000

SENSOR SERIAL NUMBER:,,,,23F100933,23H102909,23F100933,23H100986,23H100986,23H100986,23H100986,23H100986,23E104117,23E104117,23E104117,23F100256,23F100256,23G102090,23G102090,23H100986
TIME (h:mm:ss tt),DATE (M/d/yyyy),SITE NAME,FAULT CODE,TAL PE RFU,BAROMETER MMHG,CHLOROPHYLL RFU,COND µS/CM,SPCOND µS/CM,TDS MG/L,SAL PSU,NLF COND µS/CM,DEPTH M,VERTICAL POSITION M,PRESSURE PSI A,ODO % SAT,ODO MG/L,PH,PH MV,TEMP °C
2:18:25 PM,5/22/2026,BDB3,0,-0.32,762.0,-0.18,57841.3,54667.6,35534,36.11,54324.5,2.688,2.651,3.912,99.5,6.37,7.98,-132.9,28.039

MEAN VALUE:,,,,-0.12,762.0,-0.15,57858.6,54662.1,35530,36.10,54316.4,1.253,0.989,1.823,100.4,6.42,NA,-135.1,28.062
STANDARD DEVIATION:,,,,0.00,0.0,0.00,0.0,0.0,0,0.00,0.0,0.000,0.000,0.000,0.0,0.00,0.00,0.0,0.000

SENSOR SERIAL NUMBER:,,,,23F100933,23H102909,23F100933,23H100986,23H100986,23H100986,23H100986,23H100986,23E104117,23E104117,23E104117,23F100256,23F100256,23G102090,23G102090,23H100986
TIME (h:mm:ss tt),DATE (M/d/yyyy),SITE NAME,FAULT CODE,TAL PE RFU,BAROMETER MMHG,CHLOROPHYLL RFU,COND µS/CM,SPCOND µS/CM,TDS MG/L,SAL PSU,NLF COND µS/CM,DEPTH M,VERTICAL POSITION M,PRESSURE PSI A,ODO % SAT,ODO MG/L,PH,PH MV,TEMP °C
2:18:13 PM,5/22/2026,BDB1,0,-0.12,762.0,-0.15,57858.6,54662.1,35530,36.10,54316.4,1.253,0.989,1.823,100.4,6.42,8.02,-135.1,28.062

MEAN VALUE:,,,,-0.38,762.3,-0.14,57349.1,54633.6,35512,36.10,54341.8,2.936,2.935,4.273,92.6,5.97,NA,-133.8,27.602
STANDARD DEVIATION:,,,,0.00,0.0,0.00,0.0,0.0,0,0.00,0.0,0.000,0.000,0.000,0.0,0.00,0.00,0.0,0.000

SENSOR SERIAL NUMBER:,,,,23F100933,23H102909,23F100933,23H100986,23H100986,23H100986,23H100986,23H100986,23E104117,23E104117,23E104117,23F100256,23F100256,23G102090,23G102090,23H100986
TIME (h:mm:ss tt),DATE (M/d/yyyy),SITE NAME,FAULT CODE,TAL PE RFU,BAROMETER MMHG,CHLOROPHYLL RFU,COND µS/CM,SPCOND µS/CM,TDS MG/L,SAL PSU,NLF COND µS/CM,DEPTH M,VERTICAL POSITION M,PRESSURE PSI A,ODO % SAT,ODO MG/L,PH,PH MV,TEMP °C
2:16:09 PM,5/22/2026,YIN3,0,-0.38,762.3,-0.14,57349.1,54633.6,35512,36.10,54341.8,2.936,2.935,4.273,92.6,5.97,8.00,-133.8,27.602

MEAN VALUE:,,,,1.12,761.9,0.54,57329.6,54643.5,35518,36.11,54355.0,0.819,0.875,1.193,94.8,6.11,NA,-135.4,27.574
STANDARD DEVIATION:,,,,0.00,0.0,0.00,0.0,0.0,0,0.00,0.0,0.000,0.000,0.000,0.0,0.00,0.00,0.0,0.000

SENSOR SERIAL NUMBER:,,,,23F100933,23H102909,23F100933,23H100986,23H100986,23H100986,23H100986,23H100986,23E104117,23E104117,23E104117,23F100256,23F100256,23G102090,23G102090,23H100986
TIME (h:mm:ss tt),DATE (M/d/yyyy),SITE NAME,FAULT CODE,TAL PE RFU,BAROMETER MMHG,CHLOROPHYLL RFU,COND µS/CM,SPCOND µS/CM,TDS MG/L,SAL PSU,NLF COND µS/CM,DEPTH M,VERTICAL POSITION M,PRESSURE PSI A,ODO % SAT,ODO MG/L,PH,PH MV,TEMP °C
2:15:52 PM,5/22/2026,YIN1,0,1.12,761.9,0.54,57329.6,54643.5,35518,36.11,54355.0,0.819,0.875,1.193,94.8,6.11,8.03,-135.4,27.574

MEAN VALUE:,,,,-0.39,762.2,-0.12,57599.2,54626.8,35507,36.08,54306.3,2.507,2.736,3.648,99.6,6.39,NA,-132.6,27.849
STANDARD DEVIATION:,,,,0.00,0.0,0.00,0.0,0.0,0,0.00,0.0,0.000,0.000,0.000,0.0,0.00,0.00,0.0,0.000

SENSOR SERIAL NUMBER:,,,,23F100933,23H102909,23F100933,23H100986,23H100986,23H100986,23H100986,23H100986,23E104117,23E104117,23E104117,23F100256,23F100256,23G102090,23G102090,23H100986
TIME (h:mm:ss tt),DATE (M/d/yyyy),SITE NAME,FAULT CODE,TAL PE RFU,BAROMETER MMHG,CHLOROPHYLL RFU,COND µS/CM,SPCOND µS/CM,TDS MG/L,SAL PSU,NLF COND µS/CM,DEPTH M,VERTICAL POSITION M,PRESSURE PSI A,ODO % SAT,ODO MG/L,PH,PH MV,TEMP °C
2:12:23 PM,5/22/2026,FHB3,0,-0.39,762.2,-0.12,57599.2,54626.8,35507,36.08,54306.3,2.507,2.736,3.648,99.6,6.39,7.98,-132.6,27.849

MEAN VALUE:,,,,-0.16,762.1,-0.14,57622.3,54613.8,35499,36.07,54289.2,0.849,0.848,1.235,102.4,6.57,NA,-136.9,27.884
STANDARD DEVIATION:,,,,0.00,0.0,0.00,0.0,0.0,0,0.00,0.0,0.000,0.000,0.000,0.0,0.00,0.00,0.0,0.000

SENSOR SERIAL NUMBER:,,,,23F100933,23H102909,23F100933,23H100986,23H100986,23H100986,23H100986,23H100986,23E104117,23E104117,23E104117,23F100256,23F100256,23G102090,23G102090,23H100986
TIME (h:mm:ss tt),DATE (M/d/yyyy),SITE NAME,FAULT CODE,TAL PE RFU,BAROMETER MMHG,CHLOROPHYLL RFU,COND µS/CM,SPCOND µS/CM,TDS MG/L,SAL PSU,NLF COND µS/CM,DEPTH M,VERTICAL POSITION M,PRESSURE PSI A,ODO % SAT,ODO MG/L,PH,PH MV,TEMP °C
2:11:59 PM,5/22/2026,FHB1,0,-0.16,762.1,-0.14,57622.3,54613.8,35499,36.07,54289.2,0.849,0.848,1.235,102.4,6.57,8.05,-136.9,27.884

MEAN VALUE:,,,,-0.35,762.1,-0.16,57533.4,54633.7,35512,36.09,54321.4,2.899,2.962,4.220,102.6,6.59,NA,-131.1,27.779
STANDARD DEVIATION:,,,,0.00,0.0,0.00,0.0,0.0,0,0.00,0.0,0.000,0.000,0.000,0.0,0.00,0.00,0.0,0.000

SENSOR SERIAL NUMBER:,,,,23F100933,23H102909,23F100933,23H100986,23H100986,23H100986,23H100986,23H100986,23E104117,23E104117,23E104117,23F100256,23F100256,23G102090,23G102090,23H100986
TIME (h:mm:ss tt),DATE (M/d/yyyy),SITE NAME,FAULT CODE,TAL PE RFU,BAROMETER MMHG,CHLOROPHYLL RFU,COND µS/CM,SPCOND µS/CM,TDS MG/L,SAL PSU,NLF COND µS/CM,DEPTH M,VERTICAL POSITION M,PRESSURE PSI A,ODO % SAT,ODO MG/L,PH,PH MV,TEMP °C
2:06:28 PM,5/22/2026,EBB3,0,-0.35,762.1,-0.16,57533.4,54633.7,35512,36.09,54321.4,2.899,2.962,4.220,102.6,6.59,7.95,-131.1,27.779

MEAN VALUE:,,,,-0.19,762.2,-0.12,57622.6,54641.9,35517,36.10,54320.4,0.928,1.010,1.350,101.7,6.53,NA,-130.9,27.856
STANDARD DEVIATION:,,,,0.00,0.0,0.00,0.0,0.0,0,0.00,0.0,0.000,0.000,0.000,0.0,0.00,0.00,0.0,0.000

SENSOR SERIAL NUMBER:,,,,23F100933,23H102909,23F100933,23H100986,23H100986,23H100986,23H100986,23H100986,23E104117,23E104117,23E104117,23F100256,23F100256,23G102090,23G102090,23H100986
TIME (h:mm:ss tt),DATE (M/d/yyyy),SITE NAME,FAULT CODE,TAL PE RFU,BAROMETER MMHG,CHLOROPHYLL RFU,COND µS/CM,SPCOND µS/CM,TDS MG/L,SAL PSU,NLF COND µS/CM,DEPTH M,VERTICAL POSITION M,PRESSURE PSI A,ODO % SAT,ODO MG/L,PH,PH MV,TEMP °C
2:06:11 PM,5/22/2026,EBB1,0,-0.19,762.2,-0.12,57622.6,54641.9,35517,36.10,54320.4,0.928,1.010,1.350,101.7,6.53,7.95,-130.9,27.856

MEAN VALUE:,,,,-0.16,762.2,-0.12,58144.5,54760.2,35594,36.17,54393.2,0.966,0.961,1.406,102.1,6.51,NA,-130.3,28.236
STANDARD DEVIATION:,,,,0.00,0.0,0.00,0.0,0.0,0,0.00,0.0,0.000,0.000,0.000,0.0,0.00,0.00,0.0,0.000

SENSOR SERIAL NUMBER:,,,,23F100933,23H102909,23F100933,23H100986,23H100986,23H100986,23H100986,23H100986,23E104117,23E104117,23E104117,23F100256,23F100256,23G102090,23G102090,23H100986
TIME (h:mm:ss tt),DATE (M/d/yyyy),SITE NAME,FAULT CODE,TAL PE RFU,BAROMETER MMHG,CHLOROPHYLL RFU,COND µS/CM,SPCOND µS/CM,TDS MG/L,SAL PSU,NLF COND µS/CM,DEPTH M,VERTICAL POSITION M,PRESSURE PSI A,ODO % SAT,ODO MG/L,PH,PH MV,TEMP °C
2:02:18 PM,5/22/2026,MRCH1,0,-0.16,762.2,-0.12,58144.5,54760.2,35594,36.17,54393.2,0.966,0.961,1.406,102.1,6.51,7.93,-130.3,28.236

MEAN VALUE:,,,,-0.29,762.3,-0.13,57558.1,54615.6,35500,36.08,54298.5,0.801,0.820,1.165,106.8,6.86,NA,-137.7,27.821
STANDARD DEVIATION:,,,,0.00,0.0,0.00,0.0,0.0,0,0.00,0.0,0.000,0.000,0.000,0.0,0.00,0.00,0.0,0.000

SENSOR SERIAL NUMBER:,,,,23F100933,23H102909,23F100933,23H100986,23H100986,23H100986,23H100986,23H100986,23E104117,23E104117,23E104117,23F100256,23F100256,23G102090,23G102090,23H100986
TIME (h:mm:ss tt),DATE (M/d/yyyy),SITE NAME,FAULT CODE,TAL PE RFU,BAROMETER MMHG,CHLOROPHYLL RFU,COND µS/CM,SPCOND µS/CM,TDS MG/L,SAL PSU,NLF COND µS/CM,DEPTH M,VERTICAL POSITION M,PRESSURE PSI A,ODO % SAT,ODO MG/L,PH,PH MV,TEMP °C
2:00:37 PM,5/22/2026,DB1,0,-0.29,762.3,-0.13,57558.1,54615.6,35500,36.08,54298.5,0.801,0.820,1.165,106.8,6.86,8.06,-137.7,27.821

MEAN VALUE:,,,,-0.12,762.3,-0.15,57513.0,54824.5,35636,36.24,54535.8,2.785,2.860,4.054,92.5,5.96,NA,-134.3,27.567
STANDARD DEVIATION:,,,,0.00,0.0,0.00,0.0,0.0,0,0.00,0.0,0.000,0.000,0.000,0.0,0.00,0.00,0.0,0.000

SENSOR SERIAL NUMBER:,,,,23F100933,23H102909,23F100933,23H100986,23H100986,23H100986,23H100986,23H100986,23E104117,23E104117,23E104117,23F100256,23F100256,23G102090,23G102090,23H100986
TIME (h:mm:ss tt),DATE (M/d/yyyy),SITE NAME,FAULT CODE,TAL PE RFU,BAROMETER MMHG,CHLOROPHYLL RFU,COND µS/CM,SPCOND µS/CM,TDS MG/L,SAL PSU,NLF COND µS/CM,DEPTH M,VERTICAL POSITION M,PRESSURE PSI A,ODO % SAT,ODO MG/L,PH,PH MV,TEMP °C
1:55:25 PM,5/22/2026,YIC3,0,-0.12,762.3,-0.15,57513.0,54824.5,35636,36.24,54535.8,2.785,2.860,4.054,92.5,5.96,8.01,-134.3,27.567

MEAN VALUE:,,,,-0.13,762.3,-0.10,57503.9,54793.2,35616,36.22,54502.0,0.993,1.098,1.445,95.3,6.14,NA,-135.7,27.590
STANDARD DEVIATION:,,,,0.00,0.0,0.00,0.0,0.0,0,0.00,0.0,0.000,0.000,0.000,0.0,0.00,0.00,0.0,0.000

SENSOR SERIAL NUMBER:,,,,23F100933,23H102909,23F100933,23H100986,23H100986,23H100986,23H100986,23H100986,23E104117,23E104117,23E104117,23F100256,23F100256,23G102090,23G102090,23H100986
TIME (h:mm:ss tt),DATE (M/d/yyyy),SITE NAME,FAULT CODE,TAL PE RFU,BAROMETER MMHG,CHLOROPHYLL RFU,COND µS/CM,SPCOND µS/CM,TDS MG/L,SAL PSU,NLF COND µS/CM,DEPTH M,VERTICAL POSITION M,PRESSURE PSI A,ODO % SAT,ODO MG/L,PH,PH MV,TEMP °C
1:55:08 PM,5/22/2026,YIC1,0,-0.13,762.3,-0.10,57503.9,54793.2,35616,36.22,54502.0,0.993,1.098,1.445,95.3,6.14,8.03,-135.7,27.590

MEAN VALUE:,,,,-0.28,762.4,-0.16,57681.0,54828.7,35639,36.24,54521.7,2.723,2.853,3.963,107.0,6.88,NA,-137.4,27.724
STANDARD DEVIATION:,,,,0.00,0.0,0.00,0.0,0.0,0,0.00,0.0,0.000,0.000,0.000,0.0,0.00,0.00,0.0,0.000

SENSOR SERIAL NUMBER:,,,,23F100933,23H102909,23F100933,23H100986,23H100986,23H100986,23H100986,23H100986,23E104117,23E104117,23E104117,23F100256,23F100256,23G102090,23G102090,23H100986
TIME (h:mm:ss tt),DATE (M/d/yyyy),SITE NAME,FAULT CODE,TAL PE RFU,BAROMETER MMHG,CHLOROPHYLL RFU,COND µS/CM,SPCOND µS/CM,TDS MG/L,SAL PSU,NLF COND µS/CM,DEPTH M,VERTICAL POSITION M,PRESSURE PSI A,ODO % SAT,ODO MG/L,PH,PH MV,TEMP °C
1:51:00 PM,5/22/2026,GIC3,0,-0.28,762.4,-0.16,57681.0,54828.7,35639,36.24,54521.7,2.723,2.853,3.963,107.0,6.88,8.06,-137.4,27.724

MEAN VALUE:,,,,-0.26,762.3,-0.13,57709.6,54826.1,35637,36.24,54515.5,0.779,0.851,1.133,106.1,6.82,NA,-138.3,27.754
STANDARD DEVIATION:,,,,0.00,0.0,0.00,0.0,0.0,0,0.00,0.0,0.000,0.000,0.000,0.0,0.00,0.00,0.0,0.000

SENSOR SERIAL NUMBER:,,,,23F100933,23H102909,23F100933,23H100986,23H100986,23H100986,23H100986,23H100986,23E104117,23E104117,23E104117,23F100256,23F100256,23G102090,23G102090,23H100986
TIME (h:mm:ss tt),DATE (M/d/yyyy),SITE NAME,FAULT CODE,TAL PE RFU,BAROMETER MMHG,CHLOROPHYLL RFU,COND µS/CM,SPCOND µS/CM,TDS MG/L,SAL PSU,NLF COND µS/CM,DEPTH M,VERTICAL POSITION M,PRESSURE PSI A,ODO % SAT,ODO MG/L,PH,PH MV,TEMP °C
1:50:39 PM,5/22/2026,GIC1,0,-0.26,762.3,-0.13,57709.6,54826.1,35637,36.24,54515.5,0.779,0.851,1.133,106.1,6.82,8.08,-138.3,27.754

MEAN VALUE:,,,,-0.34,762.3,-0.12,57663.2,54817.2,35631,36.23,54510.9,2.884,2.849,4.198,103.1,6.63,NA,-137.3,27.718
STANDARD DEVIATION:,,,,0.00,0.0,0.00,0.0,0.0,0,0.00,0.0,0.000,0.000,0.000,0.0,0.00,0.00,0.0,0.000

SENSOR SERIAL NUMBER:,,,,23F100933,23H102909,23F100933,23H100986,23H100986,23H100986,23H100986,23H100986,23E104117,23E104117,23E104117,23F100256,23F100256,23G102090,23G102090,23H100986
TIME (h:mm:ss tt),DATE (M/d/yyyy),SITE NAME,FAULT CODE,TAL PE RFU,BAROMETER MMHG,CHLOROPHYLL RFU,COND µS/CM,SPCOND µS/CM,TDS MG/L,SAL PSU,NLF COND µS/CM,DEPTH M,VERTICAL POSITION M,PRESSURE PSI A,ODO % SAT,ODO MG/L,PH,PH MV,TEMP °C
1:47:19 PM,5/22/2026,TPBN3,0,-0.34,762.3,-0.12,57663.2,54817.2,35631,36.23,54510.9,2.884,2.849,4.198,103.1,6.63,8.06,-137.3,27.718

MEAN VALUE:,,,,-0.08,762.4,-0.14,57641.0,55216.6,35891,36.54,54957.3,0.980,1.023,1.427,103.4,6.68,NA,-138.8,27.299
STANDARD DEVIATION:,,,,0.00,0.0,0.00,0.0,0.0,0,0.00,0.0,0.000,0.000,0.000,0.0,0.00,0.00,0.0,0.000

SENSOR SERIAL NUMBER:,,,,23F100933,23H102909,23F100933,23H100986,23H100986,23H100986,23H100986,23H100986,23E104117,23E104117,23E104117,23F100256,23F100256,23G102090,23G102090,23H100986
TIME (h:mm:ss tt),DATE (M/d/yyyy),SITE NAME,FAULT CODE,TAL PE RFU,BAROMETER MMHG,CHLOROPHYLL RFU,COND µS/CM,SPCOND µS/CM,TDS MG/L,SAL PSU,NLF COND µS/CM,DEPTH M,VERTICAL POSITION M,PRESSURE PSI A,ODO % SAT,ODO MG/L,PH,PH MV,TEMP °C
1:47:06 PM,5/22/2026,TPBN1,0,-0.08,762.4,-0.14,57641.0,55216.6,35891,36.54,54957.3,0.980,1.023,1.427,103.4,6.68,8.09,-138.8,27.299

MEAN VALUE:,,,,-0.06,762.4,-0.12,57954.7,54996.6,35748,36.36,54677.7,1.013,1.032,1.475,106.4,6.82,NA,-138.2,27.815
STANDARD DEVIATION:,,,,0.00,0.0,0.00,0.0,0.0,0,0.00,0.0,0.000,0.000,0.000,0.0,0.00,0.00,0.0,0.000

SENSOR SERIAL NUMBER:,,,,23F100933,23H102909,23F100933,23H100986,23H100986,23H100986,23H100986,23H100986,23E104117,23E104117,23E104117,23F100256,23F100256,23G102090,23G102090,23H100986
TIME (h:mm:ss tt),DATE (M/d/yyyy),SITE NAME,FAULT CODE,TAL PE RFU,BAROMETER MMHG,CHLOROPHYLL RFU,COND µS/CM,SPCOND µS/CM,TDS MG/L,SAL PSU,NLF COND µS/CM,DEPTH M,VERTICAL POSITION M,PRESSURE PSI A,ODO % SAT,ODO MG/L,PH,PH MV,TEMP °C
1:43:07 PM,5/22/2026,RBA1,0,-0.06,762.4,-0.12,57954.7,54996.6,35748,36.36,54677.7,1.013,1.032,1.475,106.4,6.82,8.07,-138.2,27.815

MEAN VALUE:,,,,-0.12,762.6,-0.14,57846.3,55019.7,35763,36.38,54715.5,1.070,1.072,1.557,102.1,6.56,NA,-137.3,27.690
STANDARD DEVIATION:,,,,0.00,0.0,0.00,0.0,0.0,0,0.00,0.0,0.000,0.000,0.000,0.0,0.00,0.00,0.0,0.000

SENSOR SERIAL NUMBER:,,,,23F100933,23H102909,23F100933,23H100986,23H100986,23H100986,23H100986,23H100986,23E104117,23E104117,23E104117,23F100256,23F100256,23G102090,23G102090,23H100986
TIME (h:mm:ss tt),DATE (M/d/yyyy),SITE NAME,FAULT CODE,TAL PE RFU,BAROMETER MMHG,CHLOROPHYLL RFU,COND µS/CM,SPCOND µS/CM,TDS MG/L,SAL PSU,NLF COND µS/CM,DEPTH M,VERTICAL POSITION M,PRESSURE PSI A,ODO % SAT,ODO MG/L,PH,PH MV,TEMP °C
1:39:29 PM,5/22/2026,ML1,0,-0.12,762.6,-0.14,57846.3,55019.7,35763,36.38,54715.5,1.070,1.072,1.557,102.1,6.56,8.06,-137.3,27.690

MEAN VALUE:,,,,-0.20,762.3,-0.11,57651.5,54915.3,35695,36.31,54621.3,2.518,2.411,3.665,101.2,6.51,NA,-137.2,27.607
STANDARD DEVIATION:,,,,0.00,0.0,0.00,0.0,0.0,0,0.00,0.0,0.000,0.000,0.000,0.0,0.00,0.00,0.0,0.000

SENSOR SERIAL NUMBER:,,,,23F100933,23H102909,23F100933,23H100986,23H100986,23H100986,23H100986,23H100986,23E104117,23E104117,23E104117,23F100256,23F100256,23G102090,23G102090,23H100986
TIME (h:mm:ss tt),DATE (M/d/yyyy),SITE NAME,FAULT CODE,TAL PE RFU,BAROMETER MMHG,CHLOROPHYLL RFU,COND µS/CM,SPCOND µS/CM,TDS MG/L,SAL PSU,NLF COND µS/CM,DEPTH M,VERTICAL POSITION M,PRESSURE PSI A,ODO % SAT,ODO MG/L,PH,PH MV,TEMP °C
1:36:21 PM,5/22/2026,GIA3,0,-0.20,762.3,-0.11,57651.5,54915.3,35695,36.31,54621.3,2.518,2.411,3.665,101.2,6.51,8.06,-137.2,27.607

MEAN VALUE:,,,,-0.19,762.3,-0.10,57748.4,55275.9,35929,36.58,55011.2,0.952,0.974,1.386,101.7,6.57,NA,-139.0,27.342
STANDARD DEVIATION:,,,,0.00,0.0,0.00,0.0,0.0,0,0.00,0.0,0.000,0.000,0.000,0.0,0.00,0.00,0.0,0.000

SENSOR SERIAL NUMBER:,,,,23F100933,23H102909,23F100933,23H100986,23H100986,23H100986,23H100986,23H100986,23E104117,23E104117,23E104117,23F100256,23F100256,23G102090,23G102090,23H100986
TIME (h:mm:ss tt),DATE (M/d/yyyy),SITE NAME,FAULT CODE,TAL PE RFU,BAROMETER MMHG,CHLOROPHYLL RFU,COND µS/CM,SPCOND µS/CM,TDS MG/L,SAL PSU,NLF COND µS/CM,DEPTH M,VERTICAL POSITION M,PRESSURE PSI A,ODO % SAT,ODO MG/L,PH,PH MV,TEMP °C
1:36:09 PM,5/22/2026,GIA1,0,-0.19,762.3,-0.10,57748.4,55275.9,35929,36.58,55011.2,0.952,0.974,1.386,101.7,6.57,8.09,-139.0,27.342

MEAN VALUE:,,,,-0.06,762.3,-0.10,58032.4,55119.4,35828,36.45,54805.6,2.724,2.885,3.966,102.7,6.59,NA,-136.1,27.767
STANDARD DEVIATION:,,,,0.00,0.0,0.00,0.0,0.0,0,0.00,0.0,0.000,0.000,0.000,0.0,0.00,0.00,0.0,0.000

SENSOR SERIAL NUMBER:,,,,23F100933,23H102909,23F100933,23H100986,23H100986,23H100986,23H100986,23H100986,23E104117,23E104117,23E104117,23F100256,23F100256,23G102090,23G102090,23H100986
TIME (h:mm:ss tt),DATE (M/d/yyyy),SITE NAME,FAULT CODE,TAL PE RFU,BAROMETER MMHG,CHLOROPHYLL RFU,COND µS/CM,SPCOND µS/CM,TDS MG/L,SAL PSU,NLF COND µS/CM,DEPTH M,VERTICAL POSITION M,PRESSURE PSI A,ODO % SAT,ODO MG/L,PH,PH MV,TEMP °C
1:33:21 PM,5/22/2026,NBA3,0,-0.06,762.3,-0.10,58032.4,55119.4,35828,36.45,54805.6,2.724,2.885,3.966,102.7,6.59,8.04,-136.1,27.767

MEAN VALUE:,,,,-0.07,762.3,-0.13,58018.5,55158.2,35853,36.49,54850.3,1.005,1.031,1.463,102.7,6.59,NA,-138.1,27.715
STANDARD DEVIATION:,,,,0.00,0.0,0.00,0.0,0.0,0,0.00,0.0,0.000,0.000,0.000,0.0,0.00,0.00,0.0,0.000

SENSOR SERIAL NUMBER:,,,,23F100933,23H102909,23F100933,23H100986,23H100986,23H100986,23H100986,23H100986,23E104117,23E104117,23E104117,23F100256,23F100256,23G102090,23G102090,23H100986
TIME (h:mm:ss tt),DATE (M/d/yyyy),SITE NAME,FAULT CODE,TAL PE RFU,BAROMETER MMHG,CHLOROPHYLL RFU,COND µS/CM,SPCOND µS/CM,TDS MG/L,SAL PSU,NLF COND µS/CM,DEPTH M,VERTICAL POSITION M,PRESSURE PSI A,ODO % SAT,ODO MG/L,PH,PH MV,TEMP °C
1:32:58 PM,5/22/2026,NBA1,0,-0.07,762.3,-0.13,58018.5,55158.2,35853,36.49,54850.3,1.005,1.031,1.463,102.7,6.59,8.07,-138.1,27.715

MEAN VALUE:,,,,-0.03,762.4,-0.12,58655.1,55367.5,35989,36.63,55011.7,0.982,0.972,1.429,108.7,6.93,NA,-135.2,28.109
STANDARD DEVIATION:,,,,0.00,0.0,0.00,0.0,0.0,0,0.00,0.0,0.000,0.000,0.000,0.0,0.00,0.00,0.0,0.000

SENSOR SERIAL NUMBER:,,,,23F100933,23H102909,23F100933,23H100986,23H100986,23H100986,23H100986,23H100986,23E104117,23E104117,23E104117,23F100256,23F100256,23G102090,23G102090,23H100986
TIME (h:mm:ss tt),DATE (M/d/yyyy),SITE NAME,FAULT CODE,TAL PE RFU,BAROMETER MMHG,CHLOROPHYLL RFU,COND µS/CM,SPCOND µS/CM,TDS MG/L,SAL PSU,NLF COND µS/CM,DEPTH M,VERTICAL POSITION M,PRESSURE PSI A,ODO % SAT,ODO MG/L,PH,PH MV,TEMP °C
1:30:20 PM,5/22/2026,EC1,0,-0.03,762.4,-0.12,58655.1,55367.5,35989,36.63,55011.7,0.982,0.972,1.429,108.7,6.93,8.02,-135.2,28.109

MEAN VALUE:,,,,-0.18,762.4,-0.14,58801.1,55380.6,35997,36.63,55009.7,0.958,0.960,1.395,104.6,6.65,NA,-135.6,28.234
STANDARD DEVIATION:,,,,0.00,0.0,0.00,0.0,0.0,0,0.00,0.0,0.000,0.000,0.000,0.0,0.00,0.00,0.0,0.000

SENSOR SERIAL NUMBER:,,,,23F100933,23H102909,23F100933,23H100986,23H100986,23H100986,23H100986,23H100986,23E104117,23E104117,23E104117,23F100256,23F100256,23G102090,23G102090,23H100986
TIME (h:mm:ss tt),DATE (M/d/yyyy),SITE NAME,FAULT CODE,TAL PE RFU,BAROMETER MMHG,CHLOROPHYLL RFU,COND µS/CM,SPCOND µS/CM,TDS MG/L,SAL PSU,NLF COND µS/CM,DEPTH M,VERTICAL POSITION M,PRESSURE PSI A,ODO % SAT,ODO MG/L,PH,PH MV,TEMP °C
1:24:29 PM,5/22/2026,NBRM1,0,-0.18,762.4,-0.14,58801.1,55380.6,35997,36.63,55009.7,0.958,0.960,1.395,104.6,6.65,8.03,-135.6,28.234

MEAN VALUE:,,,,0.08,762.6,-0.12,59207.5,55276.8,35930,36.54,54847.8,0.987,0.976,1.436,110.0,6.95,NA,-138.5,28.723
STANDARD DEVIATION:,,,,0.00,0.0,0.00,0.0,0.0,0,0.00,0.0,0.000,0.000,0.000,0.0,0.00,0.00,0.0,0.000

SENSOR SERIAL NUMBER:,,,,23F100933,23H102909,23F100933,23H100986,23H100986,23H100986,23H100986,23H100986,23E104117,23E104117,23E104117,23F100256,23F100256,23G102090,23G102090,23H100986
TIME (h:mm:ss tt),DATE (M/d/yyyy),SITE NAME,FAULT CODE,TAL PE RFU,BAROMETER MMHG,CHLOROPHYLL RFU,COND µS/CM,SPCOND µS/CM,TDS MG/L,SAL PSU,NLF COND µS/CM,DEPTH M,VERTICAL POSITION M,PRESSURE PSI A,ODO % SAT,ODO MG/L,PH,PH MV,TEMP °C
1:21:27 PM,5/22/2026,NBRB1,0,0.08,762.6,-0.12,59207.5,55276.8,35930,36.54,54847.8,0.987,0.976,1.436,110.0,6.95,8.08,-138.5,28.723

MEAN VALUE:,,,,-0.13,762.5,-0.13,58117.4,55162.4,35856,36.49,54843.9,1.262,1.301,1.837,106.0,6.79,NA,-133.9,27.805
STANDARD DEVIATION:,,,,0.00,0.0,0.00,0.0,0.0,0,0.00,0.0,0.000,0.000,0.000,0.0,0.00,0.00,0.0,0.000

SENSOR SERIAL NUMBER:,,,,23F100933,23H102909,23F100933,23H100986,23H100986,23H100986,23H100986,23H100986,23E104117,23E104117,23E104117,23F100256,23F100256,23G102090,23G102090,23H100986
TIME (h:mm:ss tt),DATE (M/d/yyyy),SITE NAME,FAULT CODE,TAL PE RFU,BAROMETER MMHG,CHLOROPHYLL RFU,COND µS/CM,SPCOND µS/CM,TDS MG/L,SAL PSU,NLF COND µS/CM,DEPTH M,VERTICAL POSITION M,PRESSURE PSI A,ODO % SAT,ODO MG/L,PH,PH MV,TEMP °C
1:15:01 PM,5/22/2026,MRYC1,0,-0.13,762.5,-0.13,58117.4,55162.4,35856,36.49,54843.9,1.262,1.301,1.837,106.0,6.79,8.00,-133.9,27.805

MEAN VALUE:,,,,0.74,762.7,-0.12,57600.6,54959.1,35723,36.34,54675.6,1.214,1.155,1.768,96.1,6.19,NA,-137.7,27.516
STANDARD DEVIATION:,,,,0.00,0.0,0.00,0.0,0.0,0,0.00,0.0,0.000,0.000,0.000,0.0,0.00,0.00,0.0,0.000

SENSOR SERIAL NUMBER:,,,,23F100933,23H102909,23F100933,23H100986,23H100986,23H100986,23H100986,23H100986,23E104117,23E104117,23E104117,23F100256,23F100256,23G102090,23G102090,23H100986
TIME (h:mm:ss tt),DATE (M/d/yyyy),SITE NAME,FAULT CODE,TAL PE RFU,BAROMETER MMHG,CHLOROPHYLL RFU,COND µS/CM,SPCOND µS/CM,TDS MG/L,SAL PSU,NLF COND µS/CM,DEPTH M,VERTICAL POSITION M,PRESSURE PSI A,ODO % SAT,ODO MG/L,PH,PH MV,TEMP °C
12:34:27 PM,5/22/2026,SRS1,0,0.74,762.7,-0.12,57600.6,54959.1,35723,36.34,54675.6,1.214,1.155,1.768,96.1,6.19,8.07,-137.7,27.516

MEAN VALUE:,,,,-0.33,762.8,-0.14,57637.8,54881.2,35673,36.28,54584.9,2.719,2.707,3.958,102.4,6.59,NA,-140.7,27.630
STANDARD DEVIATION:,,,,0.00,0.0,0.00,0.0,0.0,0,0.00,0.0,0.000,0.000,0.000,0.0,0.00,0.00,0.0,0.000

SENSOR SERIAL NUMBER:,,,,23F100933,23H102909,23F100933,23H100986,23H100986,23H100986,23H100986,23H100986,23E104117,23E104117,23E104117,23F100256,23F100256,23G102090,23G102090,23H100986
TIME (h:mm:ss tt),DATE (M/d/yyyy),SITE NAME,FAULT CODE,TAL PE RFU,BAROMETER MMHG,CHLOROPHYLL RFU,COND µS/CM,SPCOND µS/CM,TDS MG/L,SAL PSU,NLF COND µS/CM,DEPTH M,VERTICAL POSITION M,PRESSURE PSI A,ODO % SAT,ODO MG/L,PH,PH MV,TEMP °C
12:21:42 PM,5/22/2026,JC3,0,-0.33,762.8,-0.14,57637.8,54881.2,35673,36.28,54584.9,2.719,2.707,3.958,102.4,6.59,8.12,-140.7,27.630

MEAN VALUE:,,,,-0.10,762.8,-0.14,57626.0,54880.3,35672,36.28,54585.1,0.723,0.738,1.052,100.6,6.47,NA,-140.6,27.621
STANDARD DEVIATION:,,,,0.00,0.0,0.00,0.0,0.0,0,0.00,0.0,0.000,0.000,0.000,0.0,0.00,0.00,0.0,0.000

SENSOR SERIAL NUMBER:,,,,23F100933,23H102909,23F100933,23H100986,23H100986,23H100986,23H100986,23H100986,23E104117,23E104117,23E104117,23F100256,23F100256,23G102090,23G102090,23H100986
TIME (h:mm:ss tt),DATE (M/d/yyyy),SITE NAME,FAULT CODE,TAL PE RFU,BAROMETER MMHG,CHLOROPHYLL RFU,COND µS/CM,SPCOND µS/CM,TDS MG/L,SAL PSU,NLF COND µS/CM,DEPTH M,VERTICAL POSITION M,PRESSURE PSI A,ODO % SAT,ODO MG/L,PH,PH MV,TEMP °C
12:21:09 PM,5/22/2026,JC1,0,-0.10,762.8,-0.14,57626.0,54880.3,35672,36.28,54585.1,0.723,0.738,1.052,100.6,6.47,8.12,-140.6,27.621

MEAN VALUE:,,,,0.20,762.7,-0.15,57602.9,54835.6,35643,36.25,54538.1,0.762,0.751,1.109,101.9,6.56,NA,-139.5,27.642
STANDARD DEVIATION:,,,,0.00,0.0,0.00,0.0,0.0,0,0.00,0.0,0.000,0.000,0.000,0.0,0.00,0.00,0.0,0.000

SENSOR SERIAL NUMBER:,,,,23F100933,23H102909,23F100933,23H100986,23H100986,23H100986,23H100986,23H100986,23E104117,23E104117,23E104117,23F100256,23F100256,23G102090,23G102090,23H100986
TIME (h:mm:ss tt),DATE (M/d/yyyy),SITE NAME,FAULT CODE,TAL PE RFU,BAROMETER MMHG,CHLOROPHYLL RFU,COND µS/CM,SPCOND µS/CM,TDS MG/L,SAL PSU,NLF COND µS/CM,DEPTH M,VERTICAL POSITION M,PRESSURE PSI A,ODO % SAT,ODO MG/L,PH,PH MV,TEMP °C
12:14:52 PM,5/22/2026,JRS,0,0.20,762.7,-0.15,57602.9,54835.6,35643,36.25,54538.1,0.762,0.751,1.109,101.9,6.56,8.10,-139.5,27.642

MEAN VALUE:,,,,762.8,-340.24,0
STANDARD DEVIATION:,,,,0.0,0.00,0

SENSOR SERIAL NUMBER:,,,,23H102909,25H100732,25H100732
TIME (h:mm:ss tt),DATE (M/d/yyyy),SITE NAME,FAULT CODE,BAROMETER MMHG,TURBIDITY FNU,TSS MG/L
12:13:34 PM,5/22/2026,JRS,0,762.8,-340.24,0

MEAN VALUE:,,,,762.7,-472.29,0
STANDARD DEVIATION:,,,,0.0,0.00,0

SENSOR SERIAL NUMBER:,,,,23H102909,25H100732,25H100732
TIME (h:mm:ss tt),DATE (M/d/yyyy),SITE NAME,FAULT CODE,BAROMETER MMHG,TURBIDITY FNU,TSS MG/L
11:59:40 AM,5/22/2026,JN1,0,762.7,-472.29,0

MEAN VALUE:,,,,762.7,-307.66,0
STANDARD DEVIATION:,,,,0.0,0.00,0

SENSOR SERIAL NUMBER:,,,,23H102909,25H100732,25H100732
TIME (h:mm:ss tt),DATE (M/d/yyyy),SITE NAME,FAULT CODE,BAROMETER MMHG,TURBIDITY FNU,TSS MG/L
11:57:56 AM,5/22/2026,JN3,0,762.7,-307.66,0

MEAN VALUE:,,,,-0.30,762.8,-0.12,57680.2,54938.5,35710,36.32,54643.8,3.036,3.061,4.420,98.1,6.31,NA,-152.1,27.613
STANDARD DEVIATION:,,,,0.00,0.0,0.00,0.0,0.0,0,0.00,0.0,0.000,0.000,0.000,0.0,0.00,0.00,0.0,0.000

SENSOR SERIAL NUMBER:,,,,23F100933,23H102909,23F100933,23H100986,23H100986,23H100986,23H100986,23H100986,23E104117,23E104117,23E104117,23F100256,23F100256,23G102090,23G102090,23H100986
TIME (h:mm:ss tt),DATE (M/d/yyyy),SITE NAME,FAULT CODE,TAL PE RFU,BAROMETER MMHG,CHLOROPHYLL RFU,COND µS/CM,SPCOND µS/CM,TDS MG/L,SAL PSU,NLF COND µS/CM,DEPTH M,VERTICAL POSITION M,PRESSURE PSI A,ODO % SAT,ODO MG/L,PH,PH MV,TEMP °C
11:54:33 AM,5/22/2026,JN3,0,-0.30,762.8,-0.12,57680.2,54938.5,35710,36.32,54643.8,3.036,3.061,4.420,98.1,6.31,8.32,-152.1,27.613

MEAN VALUE:,,,,-0.28,762.9,-0.13,57693.5,54936.0,35708,36.32,54639.6,1.075,0.961,1.565,98.1,6.31,NA,-156.8,27.628
STANDARD DEVIATION:,,,,0.00,0.0,0.00,0.0,0.0,0,0.00,0.0,0.000,0.000,0.000,0.0,0.00,0.00,0.0,0.000

SENSOR SERIAL NUMBER:,,,,23F100933,23H102909,23F100933,23H100986,23H100986,23H100986,23H100986,23H100986,23E104117,23E104117,23E104117,23F100256,23F100256,23G102090,23G102090,23H100986
TIME (h:mm:ss tt),DATE (M/d/yyyy),SITE NAME,FAULT CODE,TAL PE RFU,BAROMETER MMHG,CHLOROPHYLL RFU,COND µS/CM,SPCOND µS/CM,TDS MG/L,SAL PSU,NLF COND µS/CM,DEPTH M,VERTICAL POSITION M,PRESSURE PSI A,ODO % SAT,ODO MG/L,PH,PH MV,TEMP °C
11:53:53 AM,5/22/2026,JN1,0,-0.28,762.9,-0.13,57693.5,54936.0,35708,36.32,54639.6,1.075,0.961,1.565,98.1,6.31,8.40,-156.8,27.628
